date;price
2015-08-07;280.1
2015-08-08;261.3
2015-08-09;265.6
2015-08-10;265.1
2015-08-11;272
2015-08-12;267.1
2015-08-13;264.5
2015-08-14;266.1
2015-08-15;262.1
2015-08-16;259.9
2015-08-17;258.5
2015-08-18;183
2015-08-19;226.2
2015-08-20;235.5
2015-08-21;232.2
2015-08-22;230.3
2015-08-23;228.5
2015-08-24;210.5
2015-08-25;222.7
2015-08-26;226.2
2015-08-27;225.8
2015-08-28;231.8
2015-08-29;230.8
2015-08-30;230
2015-08-31;231.4
2015-09-01;228.2
2015-09-02;229.7
2015-09-03;227.3
2015-09-04;230.9
2015-09-05;235.8
2015-09-06;241
2015-09-07;240.9
2015-09-08;244.2
2015-09-09;238.9
2015-09-10;239.5
2015-09-11;240.6
2015-09-12;235.8
2015-09-13;231
2015-09-14;230.9
2015-09-15;230.9
2015-09-16;229
2015-09-17;233.6
2015-09-18;233.8
2015-09-19;232.1
2015-09-20;232.1
2015-09-21;227.2
2015-09-22;231.3
2015-09-23;230.5
2015-09-24;234.6
2015-09-25;235.3
2015-09-26;234.6
2015-09-27;233.4
2015-09-28;240.4
2015-09-29;236.8
2015-09-30;236.5
2015-10-01;238.5
2015-10-02;237.9
2015-10-03;239.8
2015-10-04;239.5
2015-10-05;242
2015-10-06;247.4
2015-10-07;244.2
2015-10-08;243
2015-10-09;244.8
2015-10-10;246
2015-10-11;247.9
2015-10-12;246.1
2015-10-13;251.3
2015-10-14;253.5
2015-10-15;255.2
2015-10-16;263.5
2015-10-17;272.9
2015-10-18;265
2015-10-19;265
2015-10-20;271
2015-10-21;267.8
2015-10-22;275.8
2015-10-23;279.2
2015-10-24;284.2
2015-10-25;284.8
2015-10-26;287.2
2015-10-27;295.2
2015-10-28;304.5
2015-10-29;314.9
2015-10-30;328.2
2015-10-31;316
2015-11-01;330.7
2015-11-02;365
2015-11-03;405.3
2015-11-04;409.2
2015-11-05;388
2015-11-06;375.6
2015-11-07;384.6
2015-11-08;374
2015-11-09;381
2015-11-10;340.2
2015-11-11;314
2015-11-12;336.6
2015-11-13;338.5
2015-11-14;333.4
2015-11-15;321.1
2015-11-16;332.1
2015-11-17;336.3
2015-11-18;336
2015-11-19;326.5
2015-11-20;322.2
2015-11-21;327.5
2015-11-22;324.7
2015-11-23;323.6
2015-11-24;320.1
2015-11-25;329.9
2015-11-26;354
2015-11-27;358.9
2015-11-28;358.7
2015-11-29;373.3
2015-11-30;376.9
2015-12-01;362.7
2015-12-02;359.1
2015-12-03;360.7
2015-12-04;363.2
2015-12-05;390
2015-12-06;390.6
2015-12-07;396.7
2015-12-08;420.8
2015-12-09;418.7
2015-12-10;414.9
2015-12-11;456.3
2015-12-12;435.7
2015-12-13;433
2015-12-14;442.6
2015-12-15;466.5
2015-12-16;455
2015-12-17;455.8
2015-12-18;463.5
2015-12-19;462.5
2015-12-20;442.6
2015-12-21;437.9
2015-12-22;435.6
2015-12-23;442.6
2015-12-24;456.1
2015-12-25;455.5
2015-12-26;416.5
2015-12-27;422.4
2015-12-28;420.2
2015-12-29;431.9
2015-12-30;424.7
2015-12-31;429
2016-01-01;434
2016-01-02;432.7
2016-01-03;428.7
2016-01-04;432.9
2016-01-05;431.8
2016-01-06;428
2016-01-07;459
2016-01-08;454
2016-01-09;449.2
2016-01-10;449.4
2016-01-11;449.3
2016-01-12;432
2016-01-13;431.1
2016-01-14;429.3
2016-01-15;358.9
2016-01-16;388.4
2016-01-17;382.1
2016-01-18;387
2016-01-19;379
2016-01-20;419.4
2016-01-21;411
2016-01-22;381
2016-01-23;385.6
2016-01-24;402.8
2016-01-25;391
2016-01-26;391.3
2016-01-27;395
2016-01-28;378.4
2016-01-29;377.6
2016-01-30;377
2016-01-31;365.5
2016-02-01;371.4
2016-02-02;372.9
2016-02-03;369
2016-02-04;389.8
2016-02-05;386.5
2016-02-06;373.8
2016-02-07;372
2016-02-08;370.5
2016-02-09;374
2016-02-10;380.9
2016-02-11;378
2016-02-12;383
2016-02-13;393
2016-02-14;408.3
2016-02-15;399.9
2016-02-16;407.3
2016-02-17;414.9
2016-02-18;421.5
2016-02-19;420
2016-02-20;438.7
2016-02-21;440.5
2016-02-22;440.3
2016-02-23;421.1
2016-02-24;426.4
2016-02-25;424.9
2016-02-26;435.3
2016-02-27;434.2
2016-02-28;434.5
2016-02-29;439.2
2016-03-01;434.8
2016-03-02;422.2
2016-03-03;420.6
2016-03-04;408.8
2016-03-05;397.4
2016-03-06;403.9
2016-03-07;412.7
2016-03-08;411.4
2016-03-09;412.9
2016-03-10;416.5
2016-03-11;420.5
2016-03-12;410
2016-03-13;411.8
2016-03-14;416
2016-03-15;415.5
2016-03-16;417.3
2016-03-17;418.8
2016-03-18;407.7
2016-03-19;408.4
2016-03-20;411.3
2016-03-21;411.9
2016-03-22;417.7
2016-03-23;418.1
2016-03-24;415.3
2016-03-25;416
2016-03-26;416.7
2016-03-27;427.4
2016-03-28;424.1
2016-03-29;415.8
2016-03-30;413.2
2016-03-31;416
2016-04-01;417.6
2016-04-02;420.3
2016-04-03;420.6
2016-04-04;420.5
2016-04-05;423.8
2016-04-06;422.6
2016-04-07;422.3
2016-04-08;418.5
2016-04-09;418.5
2016-04-10;421.3
2016-04-11;423.7
2016-04-12;426.6
2016-04-13;424.8
2016-04-14;426
2016-04-15;431.5
2016-04-16;432
2016-04-17;428.5
2016-04-18;430
2016-04-19;437.8
2016-04-20;444
2016-04-21;452
2016-04-22;447.8
2016-04-23;453.7
2016-04-24;463
2016-04-25;461.8
2016-04-26;468.1
2016-04-27;445.1
2016-04-28;450.5
2016-04-29;455.3
2016-04-30;446.6
2016-05-01;451.1
2016-05-02;443.7
2016-05-03;450.4
2016-05-04;447.4
2016-05-05;448.4
2016-05-06;461.2
2016-05-07;460.2
2016-05-08;459.9
2016-05-09;461.6
2016-05-10;450.7
2016-05-11;452.3
2016-05-12;455
2016-05-13;455.8
2016-05-14;455.8
2016-05-15;457.9
2016-05-16;453
2016-05-17;453.2
2016-05-18;453.5
2016-05-19;435
2016-05-20;441.6
2016-05-21;440.8
2016-05-22;437.5
2016-05-23;443.7
2016-05-24;445
2016-05-25;449.1
2016-05-26;454
2016-05-27;472
2016-05-28;527
2016-05-29;531
2016-05-30;532.9
2016-05-31;530.7
2016-06-01;536.8
2016-06-02;538.8
2016-06-03;570.9
2016-06-04;572.7
2016-06-05;574
2016-06-06;585.2
2016-06-07;576.9
2016-06-08;583
2016-06-09;575.5
2016-06-10;580.1
2016-06-11;614.5
2016-06-12;671
2016-06-13;705.9
2016-06-14;684.5
2016-06-15;696.9
2016-06-16;769.5
2016-06-17;748.7
2016-06-18;757.6
2016-06-19;767.3
2016-06-20;743.9
2016-06-21;668.9
2016-06-22;606
2016-06-23;625.8
2016-06-24;666
2016-06-25;664.9
2016-06-26;627.4
2016-06-27;662.2
2016-06-28;646.3
2016-06-29;639.7
2016-06-30;674.7
2016-07-01;674.8
2016-07-02;705
2016-07-03;659.3
2016-07-04;681.3
2016-07-05;667.8
2016-07-06;677
2016-07-07;640.5
2016-07-08;664.8
2016-07-09;648.1
2016-07-10;649.7
2016-07-11;648
2016-07-12;667.2
2016-07-13;653.7
2016-07-14;659.8
2016-07-15;665.5
2016-07-16;665.3
2016-07-17;683.2
2016-07-18;674.3
2016-07-19;675
2016-07-20;665.8
2016-07-21;665
2016-07-22;648
2016-07-23;654
2016-07-24;661.8
2016-07-25;654.2
2016-07-26;648.5
2016-07-27;654.5
2016-07-28;654.1
2016-07-29;658.3
2016-07-30;655
2016-07-31;623.7
2016-08-01;608
2016-08-02;604
2016-08-03;604.1
2016-08-04;604.1
2016-08-05;604.1
2016-08-06;604.1
2016-08-07;604.1
2016-08-08;604.1
2016-08-09;604.1
2016-08-10;590.3
2016-08-11;591.3
2016-08-12;585.5
2016-08-13;583.7
2016-08-14;569.4
2016-08-15;564.6
2016-08-16;574.2
2016-08-17;571.8
2016-08-18;572.2
2016-08-19;573.5
2016-08-20;582
2016-08-21;581.4
2016-08-22;588
2016-08-23;583.5
2016-08-24;580.3
2016-08-25;577.2
2016-08-26;578
2016-08-27;568.5
2016-08-28;574.2
2016-08-29;574.8
2016-08-30;579.5
2016-08-31;576.2
2016-09-01;572.7
2016-09-02;579.8
2016-09-03;609.9
2016-09-04;614.5
2016-09-05;611.5
2016-09-06;615.2
2016-09-07;619.8
2016-09-08;631.7
2016-09-09;626.3
2016-09-10;628
2016-09-11;612.1
2016-09-12;611.6
2016-09-13;614.2
2016-09-14;613.9
2016-09-15;611.8
2016-09-16;610
2016-09-17;607.7
2016-09-18;613
2016-09-19;609.8
2016-09-20;600
2016-09-21;597.4
2016-09-22;597.1
2016-09-23;603.3
2016-09-24;602.5
2016-09-25;600.4
2016-09-26;609.1
2016-09-27;605.5
2016-09-28;603.8
2016-09-29;604.6
2016-09-30;611.1
2016-10-01;614.1
2016-10-02;609.1
2016-10-03;612.6
2016-10-04;611
2016-10-05;614.1
2016-10-06;613.5
2016-10-07;620.1
2016-10-08;620.5
2016-10-09;616.6
2016-10-10;618.9
2016-10-11;641.7
2016-10-12;637.6
2016-10-13;637
2016-10-14;643
2016-10-15;640.2
2016-10-16;644.2
2016-10-17;639.8
2016-10-18;638.8
2016-10-19;631.8
2016-10-20;632.5
2016-10-21;636.7
2016-10-22;665
2016-10-23;659
2016-10-24;654.7
2016-10-25;659.5
2016-10-26;678.7
2016-10-27;688.7
2016-10-28;693.5
2016-10-29;714.5
2016-10-30;702.5
2016-10-31;704.1
2016-11-01;734.2
2016-11-02;737.9
2016-11-03;690.1
2016-11-04;708.4
2016-11-05;708.4
2016-11-06;713
2016-11-07;707.8
2016-11-08;714
2016-11-09;723.8
2016-11-10;714.9
2016-11-11;714.8
2016-11-12;703.8
2016-11-13;708.1
2016-11-14;707.4
2016-11-15;712.2
2016-11-16;745
2016-11-17;740.7
2016-11-18;754
2016-11-19;752.9
2016-11-20;729.7
2016-11-21;739
2016-11-22;750
2016-11-23;742
2016-11-24;737.7
2016-11-25;740.4
2016-11-26;731.2
2016-11-27;725
2016-11-28;731.5
2016-11-29;731
2016-11-30;739
2016-12-01;755.4
2016-12-02;774.9
2016-12-03;765.3
2016-12-04;768.5
2016-12-05;750.6
2016-12-06;757.4
2016-12-07;765
2016-12-08;765
2016-12-09;770.5
2016-12-10;772.9
2016-12-11;770.2
2016-12-12;778
2016-12-13;775
2016-12-14;774.5
2016-12-15;777.4
2016-12-16;784.2
2016-12-17;791
2016-12-18;790.2
2016-12-19;790.6
2016-12-20;798
2016-12-21;830
2016-12-22;859.2
2016-12-23;919
2016-12-24;895.2
2016-12-25;898
2016-12-26;906.4
2016-12-27;936.3
2016-12-28;981.7
2016-12-29;972.6
2016-12-30;959.3
2016-12-31;966.6
2017-01-01;999
2017-01-02;1019.3
2017-01-03;1037.5
2017-01-04;1139.6
2017-01-05;1003.2
2017-01-06;898
2017-01-07;908.8
2017-01-08;915.9
2017-01-09;903
2017-01-10;905.8
2017-01-11;778.6
2017-01-12;804.6
2017-01-13;828.1
2017-01-14;815.3
2017-01-15;820.7
2017-01-16;830.1
2017-01-17;904
2017-01-18;887.8
2017-01-19;900.3
2017-01-20;896
2017-01-21;924
2017-01-22;923.7
2017-01-23;910
2017-01-24;886.1
2017-01-25;893.3
2017-01-26;915.1
2017-01-27;916.7
2017-01-28;919.4
2017-01-29;912.6
2017-01-30;917.4
2017-01-31;966.2
2017-02-01;983.7
2017-02-02;1005.7
2017-02-03;1015.7
2017-02-04;1031.1
2017-02-05;1006.6
2017-02-06;1022.6
2017-02-07;1052.1
2017-02-08;1048.8
2017-02-09;985
2017-02-10;992
2017-02-11;1000.3
2017-02-12;996
2017-02-13;996.5
2017-02-14;1013.7
2017-02-15;1013.8
2017-02-16;1038.4
2017-02-17;1056.2
2017-02-18;1059.8
2017-02-19;1056.2
2017-02-20;1091.2
2017-02-21;1129.6
2017-02-22;1125.3
2017-02-23;1190.9
2017-02-24;1185.1
2017-02-25;1153
2017-02-26;1178.3
2017-02-27;1195.5
2017-02-28;1189.1
2017-03-01;1232.8
2017-03-02;1262.3
2017-03-03;1288.2
2017-03-04;1267.8
2017-03-05;1278.4
2017-03-06;1279.3
2017-03-07;1232.4
2017-03-08;1149.3
2017-03-09;1190.4
2017-03-10;1113.6
2017-03-11;1172.8
2017-03-12;1225.2
2017-03-13;1238.5
2017-03-14;1245
2017-03-15;1256.1
2017-03-16;1169
2017-03-17;1068.4
2017-03-18;971
2017-03-19;1016.1
2017-03-20;1039
2017-03-21;1115
2017-03-22;1039.1
2017-03-23;1033
2017-03-24;943.1
2017-03-25;972.2
2017-03-26;969
2017-03-27;1042.7
2017-03-28;1044.7
2017-03-29;1041.8
2017-03-30;1041
2017-03-31;1081.7
2017-04-01;1093.2
2017-04-02;1107.6
2017-04-03;1150.2
2017-04-04;1145
2017-04-05;1140.6
2017-04-06;1191.5
2017-04-07;1196.6
2017-04-08;1188.1
2017-04-09;1215.9
2017-04-10;1220.3
2017-04-11;1235.6
2017-04-12;1227.4
2017-04-13;1187
2017-04-14;1206.8
2017-04-15;1193.3
2017-04-16;1212
2017-04-17;1240
2017-04-18;1265.4
2017-04-19;1260.5
2017-04-20;1308.4
2017-04-21;1325.6
2017-04-22;1347.5
2017-04-23;1355.2
2017-04-24;1345
2017-04-25;1370.3
2017-04-26;1399.3
2017-04-27;1440.3
2017-04-28;1415.6
2017-04-29;1423.6
2017-04-30;1435.2
2017-05-01;1533.1
2017-05-02;1560
2017-05-03;1617.8
2017-05-04;1607.1
2017-05-05;1545.1
2017-05-06;1597.1
2017-05-07;1619.9
2017-05-08;1703.2
2017-05-09;1760
2017-05-10;1796.8
2017-05-11;1853.9
2017-05-12;1735
2017-05-13;1820.4
2017-05-14;1828.1
2017-05-15;1772.5
2017-05-16;1785.7
2017-05-17;1870
2017-05-18;1941.5
2017-05-19;1966.5
2017-05-20;2059.7
2017-05-21;2029.2
2017-05-22;2085.5
2017-05-23;2249.3
2017-05-24;2394.8
2017-05-25;2252
2017-05-26;2127.3
2017-05-27;1972.3
2017-05-28;2056.6
2017-05-29;2207.4
2017-05-30;2146.7
2017-05-31;2191.8
2017-06-01;2311.6
2017-06-02;2405.9
2017-06-03;2461
2017-06-04;2488.2
2017-06-05;2636.2
2017-06-06;2843.6
2017-06-07;2642.6
2017-06-08;2782.1
2017-06-09;2809
2017-06-10;2806
2017-06-11;2936.3
2017-06-12;2571.8
2017-06-13;2676.4
2017-06-14;2395
2017-06-15;2377.4
2017-06-16;2437
2017-06-17;2610
2017-06-18;2491.5
2017-06-19;2580.8
2017-06-20;2712.2
2017-06-21;2621.2
2017-06-22;2672.8
2017-06-23;2674.9
2017-06-24;2502.6
2017-06-25;2477.7
2017-06-26;2394.6
2017-06-27;2521.2
2017-06-28;2518.2
2017-06-29;2470.1
2017-06-30;2420.7
2017-07-01;2349.5
2017-07-02;2445
2017-07-03;2524
2017-07-04;2582.6
2017-07-05;2598.5
2017-07-06;2593.1
2017-07-07;2479.3
2017-07-08;2542
2017-07-09;2478
2017-07-10;2318.3
2017-07-11;2282.1
2017-07-12;2374.4
2017-07-13;2329
2017-07-14;2205.1
2017-07-15;1978.6
2017-07-16;1924.9
2017-07-17;2219
2017-07-18;2302.1
2017-07-19;2253.1
2017-07-20;2856.3
2017-07-21;2664
2017-07-22;2845.7
2017-07-23;2747.5
2017-07-24;2769.7
2017-07-25;2560.9
2017-07-26;2525.7
2017-07-27;2664.9
2017-07-28;2784.8
2017-07-29;2714.1
2017-07-30;2749
2017-07-31;2856
2017-08-01;2731.2
2017-08-02;2702
2017-08-03;2790.3
2017-08-04;2860
2017-08-05;3256.4
2017-08-06;3227.9
2017-08-07;3396.7
2017-08-08;3415
2017-08-09;3339.9
2017-08-10;3407.9
2017-08-11;3644.1
2017-08-12;3865.5
2017-08-13;4053.3
2017-08-14;4319.5
2017-08-15;4151.9
2017-08-16;4386.3
2017-08-17;4260
2017-08-18;4090.2
2017-08-19;4145.1
2017-08-20;4064.3
2017-08-21;4002.5
2017-08-22;4074
2017-08-23;4129.1
2017-08-24;4325.2
2017-08-25;4351.5
2017-08-26;4341.7
2017-08-27;4331.8
2017-08-28;4383.8
2017-08-29;4587.1
2017-08-30;4569
2017-08-31;4718.2
2017-09-01;4904.9
2017-09-02;4534.4
2017-09-03;4595
2017-09-04;4200.4
2017-09-05;4374.9
2017-09-06;4589.1
2017-09-07;4613.5
2017-09-08;4305.8
2017-09-09;4317.9
2017-09-10;4232.1
2017-09-11;4203
2017-09-12;4142.9
2017-09-13;3849.7
2017-09-14;3238.1
2017-09-15;3698
2017-09-16;3685.4
2017-09-17;3666.3
2017-09-18;4084.1
2017-09-19;3900
2017-09-20;3873.2
2017-09-21;3603.4
2017-09-22;3598.5
2017-09-23;3779.6
2017-09-24;3652.8
2017-09-25;3930
2017-09-26;3879.1
2017-09-27;4205.4
2017-09-28;4190
2017-09-29;4169.9
2017-09-30;4367
2017-10-01;4404.3
2017-10-02;4400.1
2017-10-03;4311.1
2017-10-04;4215.1
2017-10-05;4315.4
2017-10-06;4371
2017-10-07;4436
2017-10-08;4613.1
2017-10-09;4782.3
2017-10-10;4777
2017-10-11;4824.9
2017-10-12;5428.5
2017-10-13;5636.8
2017-10-14;5835
2017-10-15;5698.6
2017-10-16;5764.4
2017-10-17;5597.1
2017-10-18;5565
2017-10-19;5694
2017-10-20;5984.5
2017-10-21;6005.1
2017-10-22;5980.5
2017-10-23;5906.9
2017-10-24;5509.5
2017-10-25;5720
2017-10-26;5890
2017-10-27;5759.6
2017-10-28;5720.6
2017-10-29;6156
2017-10-30;6125.3
2017-10-31;6458.3
2017-11-01;6727.3
2017-11-02;7019.9
2017-11-03;7278.4
2017-11-04;7369
2017-11-05;7382
2017-11-06;6955
2017-11-07;7103.3
2017-11-08;7442.4
2017-11-09;7126.2
2017-11-10;6542.2
2017-11-11;6300.7
2017-11-12;5822.1
2017-11-13;6474.6
2017-11-14;6579.2
2017-11-15;7278.3
2017-11-16;7864.2
2017-11-17;7677.9
2017-11-18;7773.3
2017-11-19;8054.2
2017-11-20;8245.1
2017-11-21;8097.3
2017-11-22;8230.1
2017-11-23;7977.1
2017-11-24;8191.6
2017-11-25;8766.2
2017-11-26;9316
2017-11-27;9728.8
2017-11-28;9898
2017-11-29;9749.4
2017-11-30;9907
2017-12-01;10869
2017-12-02;10881
2017-12-03;11157
2017-12-04;11595
2017-12-05;11595
2017-12-06;13527
2017-12-07;16601
2017-12-08;15869
2017-12-09;14660
2017-12-10;14997
2017-12-11;16754
2017-12-12;16967
2017-12-13;16181
2017-12-14;16383
2017-12-15;17522
2017-12-16;19187
2017-12-17;18971
2017-12-18;18934
2017-12-19;17345
2017-12-20;16425
2017-12-21;15666.8
2017-12-22;13170
2017-12-23;14035
2017-12-24;13476
2017-12-25;13623
2017-12-26;15679
2017-12-27;15374
2017-12-28;14315
2017-12-29;14317
2017-12-30;12377
2017-12-31;13800
2018-01-01;13354
2018-01-02;14709.8
2018-01-03;15155
2018-01-04;15160
2018-01-05;16917
2018-01-06;17161
2018-01-07;16196
2018-01-08;14930
2018-01-09;14423
2018-01-10;14896
2018-01-11;13266
2018-01-12;13783
2018-01-13;14191
2018-01-14;13558
2018-01-15;13575
2018-01-16;11072
2018-01-17;11082
2018-01-18;11045
2018-01-19;11476
2018-01-20;12728
2018-01-21;11514
2018-01-22;10771
2018-01-23;10819
2018-01-24;11414
2018-01-25;11146
2018-01-26;11070
2018-01-27;11461
2018-01-28;11839
2018-01-29;11212
2018-01-30;10175
2018-01-31;10284
2018-02-01;9181.1
2018-02-02;8895.8
2018-02-03;9219.4
2018-02-04;8200
2018-02-05;6949.9
2018-02-06;7673.8
2018-02-07;7587
2018-02-08;8235.1
2018-02-09;8683.2
2018-02-10;8563.1
2018-02-11;8069
2018-02-12;8900.6
2018-02-13;8515.9
2018-02-14;9455.4
2018-02-15;9996.9
2018-02-16;10162
2018-02-17;11053.5
2018-02-18;10372
2018-02-19;11173
2018-02-20;11218
2018-02-21;10455
2018-02-22;9830
2018-02-23;10145
2018-02-24;9666.3
2018-02-25;9557.4
2018-02-26;10321
2018-02-27;10569
2018-02-28;10315
2018-03-01;10925
2018-03-02;11025
2018-03-03;11440
2018-03-04;11501
2018-03-05;11416
2018-03-06;10720
2018-03-07;9902.9
2018-03-08;9300
2018-03-09;9217
2018-03-10;8762
2018-03-11;9528
2018-03-12;9121
2018-03-13;9135
2018-03-14;8186.6
2018-03-15;8252.9
2018-03-16;8251
2018-03-17;7851
2018-03-18;8200.2
2018-03-19;8600.1
2018-03-20;8899.7
2018-03-21;8900.1
2018-03-22;8706.4
2018-03-23;8908
2018-03-24;8535
2018-03-25;8445.1
2018-03-26;8119.1
2018-03-27;7784.5
2018-03-28;7936.1
2018-03-29;7094
2018-03-30;6840.4
2018-03-31;6925.3
2018-04-01;6810
2018-04-02;7052.7
2018-04-03;7405.6
2018-04-04;6785.9
2018-04-05;6765
2018-04-06;6610.2
2018-04-07;6892.6
2018-04-08;7023.9
2018-04-09;6764.6
2018-04-10;6839.3
2018-04-11;6943.1
2018-04-12;7912
2018-04-13;7885.8
2018-04-14;8002.9
2018-04-15;8354.1
2018-04-16;8056.2
2018-04-17;7889.9
2018-04-18;8166.3
2018-04-19;8272.8
2018-04-20;8866.1
2018-04-21;8919.1
2018-04-22;8800
2018-04-23;8940
2018-04-24;9644.4
2018-04-25;8878.4
2018-04-26;9279.3
2018-04-27;8920.1
2018-04-28;9345.3
2018-04-29;9398.6
2018-04-30;9240
2018-05-01;9067
2018-05-02;9236.4
2018-05-03;9762.1
2018-05-04;9702.8
2018-05-05;9859.6
2018-05-06;9658.7
2018-05-07;9370
2018-05-08;9184.7
2018-05-09;9318.2
2018-05-10;9018.7
2018-05-11;8412.4
2018-05-12;8462.7
2018-05-13;8683.6
2018-05-14;8670.8
2018-05-15;8467.5
2018-05-16;8336.1
2018-05-17;8051.8
2018-05-18;8239
2018-05-19;8232.3
2018-05-20;8523.7
2018-05-21;8393.4
2018-05-22;7977.3
2018-05-23;7494.8
2018-05-24;7576.7
2018-05-25;7458
2018-05-26;7330.3
2018-05-27;7339.7
2018-05-28;7097.9
2018-05-29;7460
2018-05-30;7375.1
2018-05-31;7485.8
2018-06-01;7521
2018-06-02;7638.1
2018-06-03;7718
2018-06-04;7488.3
2018-06-05;7621.7
2018-06-06;7654
2018-06-07;7688.9
2018-06-08;7615.1
2018-06-09;7498.6
2018-06-10;6757.3
2018-06-11;6873.3
2018-06-12;6543.9
2018-06-13;6295.2
2018-06-14;6633.7
2018-06-15;6385
2018-06-16;6485.9
2018-06-17;6435.7
2018-06-18;6709.2
2018-06-19;6737.5
2018-06-20;6760.4
2018-06-21;6713.5
2018-06-22;6042.6
2018-06-23;6152
2018-06-24;6148
2018-06-25;6246.6
2018-06-26;6078.5
2018-06-27;6133.1
2018-06-28;5850
2018-06-29;6208.1
2018-06-30;6391.5
2018-07-01;6349.7
2018-07-02;6581.3
2018-07-03;6500
2018-07-04;6590
2018-07-05;6540.2
2018-07-06;6602.1
2018-07-07;6761.7
2018-07-08;6707
2018-07-09;6666.7
2018-07-10;6301.5
2018-07-11;6377.8
2018-07-12;6249
2018-07-13;6220
2018-07-14;6250.1
2018-07-15;6347.2
2018-07-16;6729.2
2018-07-17;7319.8
2018-07-18;7379.4
2018-07-19;7473.5
2018-07-20;7333.1
2018-07-21;7403.3
2018-07-22;7400.5
2018-07-23;7719.8
2018-07-24;8394.5
2018-07-25;8176
2018-07-26;7939
2018-07-27;8185.7
2018-07-28;8246.4
2018-07-29;8221
2018-07-30;8179.6
2018-07-31;7730.6
2018-08-01;7608.8
2018-08-02;7535.2
2018-08-03;7420
2018-08-04;7013.2
2018-08-05;7025.8
2018-08-06;6941.3
2018-08-07;6720.5
2018-08-08;6279.2
2018-08-09;6529.1
2018-08-10;6146.8
2018-08-11;6232.7
2018-08-12;6313.9
2018-08-13;6251.9
2018-08-14;6189
2018-08-15;6270.1
2018-08-16;6314
2018-08-17;6583.3
2018-08-18;6391.2
2018-08-19;6485.1
2018-08-20;6255.9
2018-08-21;6479.1
2018-08-22;6354.9
2018-08-23;6527.2
2018-08-24;6695.9
2018-08-25;6732.9
2018-08-26;6708.4
2018-08-27;6909.5
2018-08-28;7079.7
2018-08-29;7045.7
2018-08-30;6994.7
2018-08-31;7025.9
2018-09-01;7197.5
2018-09-02;7290.4
2018-09-03;7268
2018-09-04;7358.9
2018-09-05;6710.5
2018-09-06;6515.6
2018-09-07;6404.1
2018-09-08;6185
2018-09-09;6239.9
2018-09-10;6308
2018-09-11;6290.8
2018-09-12;6332
2018-09-13;6475.6
2018-09-14;6485
2018-09-15;6513.6
2018-09-16;6498.5
2018-09-17;6254.2
2018-09-18;6342.8
2018-09-19;6390.9
2018-09-20;6500.5
2018-09-21;6762.7
2018-09-22;6723
2018-09-23;6710
2018-09-24;6585
2018-09-25;6434.7
2018-09-26;6462.4
2018-09-27;6692.5
2018-09-28;6635.1
2018-09-29;6604.6
2018-09-30;6618.1
2018-10-01;6601.9
2018-10-02;6533.3
2018-10-03;6503.2
2018-10-04;6580.1
2018-10-05;6644.7
2018-10-06;6592
2018-10-07;6601
2018-10-08;6673.2
2018-10-09;6663
2018-10-10;6630.2
2018-10-11;6252
2018-10-12;6293.2
2018-10-13;6326.5
2018-10-14;6335.2
2018-10-15;6742
2018-10-16;6754.1
2018-10-17;6737.1
2018-10-18;6613
2018-10-19;6527.3
2018-10-20;6586.7
2018-10-21;6591.6
2018-10-22;6567.2
2018-10-23;6550
2018-10-24;6554.1
2018-10-25;6528.1
2018-10-26;6531.5
2018-10-27;6500.2
2018-10-28;6490.1
2018-10-29;6344
2018-10-30;6330.1
2018-10-31;6368.4
2018-11-01;6399.7
2018-11-02;6426.9
2018-11-03;6387.9
2018-11-04;6485.2
2018-11-05;6470.1
2018-11-06;6515.2
2018-11-07;6572.7
2018-11-08;6479.6
2018-11-09;6420.2
2018-11-10;6431.1
2018-11-11;6450
2018-11-12;6446.9
2018-11-13;6464.4
2018-11-14;5884.6
2018-11-15;5753.4
2018-11-16;5660.5
2018-11-17;5626.7
2018-11-18;5659.4
2018-11-19;4938.1
2018-11-20;4600.1
2018-11-21;4666.6
2018-11-22;4392.4
2018-11-23;4422.7
2018-11-24;3929.8
2018-11-25;4087.8
2018-11-26;3858
2018-11-27;3884.4
2018-11-28;4306.3
2018-11-29;4312.9
2018-11-30;4038.3
2018-12-01;4243
2018-12-02;4159.7
2018-12-03;3901.2
2018-12-04;3981.9
2018-12-05;3765.3
2018-12-06;3531.3
2018-12-07;3460
2018-12-08;3506
2018-12-09;3639.6
2018-12-10;3524.9
2018-12-11;3435.3
2018-12-12;3535.6
2018-12-13;3354.4
2018-12-14;3282.8
2018-12-15;3285.1
2018-12-16;3299.9
2018-12-17;3625.1
2018-12-18;3780.1
2018-12-19;3810
2018-12-20;4214.5
2018-12-21;3976.1
2018-12-22;4135
2018-12-23;4075.7
2018-12-24;4145.2
2018-12-25;3909.7
2018-12-26;3929.8
2018-12-27;3714.7
2018-12-28;4036.7
2018-12-29;3887
2018-12-30;3978.3
2018-12-31;3830.5
2019-01-01;3963
2019-01-02;4048.5
2019-01-03;3923.2
2019-01-04;3954.9
2019-01-05;3911
2019-01-06;4171.5
2019-01-07;4113.9
2019-01-08;4100
2019-01-09;4083.2
2019-01-10;3712.8
2019-01-11;3716.1
2019-01-12;3702
2019-01-13;3591
2019-01-14;3749.3
2019-01-15;3656.5
2019-01-16;3671.2
2019-01-17;3723
2019-01-18;3675.7
2019-01-19;3760
2019-01-20;3586.1
2019-01-21;3579.4
2019-01-22;3639.1
2019-01-23;3619.9
2019-01-24;3652.6
2019-01-25;3628.9
2019-01-26;3630.7
2019-01-27;3597.1
2019-01-28;3501.9
2019-01-29;3477.9
2019-01-30;3529.6
2019-01-31;3501.1
2019-02-01;3536.2
2019-02-02;3564.3
2019-02-03;3501.7
2019-02-04;3490.5
2019-02-05;3512.6
2019-02-06;3452
2019-02-07;3436.1
2019-02-08;3724
2019-02-09;3718.4
2019-02-10;3746.3
2019-02-11;3681.1
2019-02-12;3694.2
2019-02-13;3666.1
2019-02-14;3656.7
2019-02-15;3670
2019-02-16;3676.4
2019-02-17;3734.5
2019-02-18;3978.1
2019-02-19;3989.9
2019-02-20;4055
2019-02-21;4008.8
2019-02-22;4058.3
2019-02-23;4211.7
2019-02-24;3832
2019-02-25;3921.8
2019-02-26;3896.8
2019-02-27;3902.7
2019-02-28;3894
2019-03-01;3914
2019-03-02;3913
2019-03-03;3884.8
2019-03-04;3800
2019-03-05;3951.6
2019-03-06;3951.4
2019-03-07;3964.7
2019-03-08;3940.5
2019-03-09;4017.3
2019-03-10;4000
2019-03-11;3949
2019-03-12;3954.1
2019-03-13;3947.9
2019-03-14;3948.3
2019-03-15;4003.1
2019-03-16;4088
2019-03-17;4068.9
2019-03-18;4073.5
2019-03-19;4104.7
2019-03-20;4127.2
2019-03-21;4044.8
2019-03-22;4045.3
2019-03-23;4063.2
2019-03-24;4041.4
2019-03-25;3970
2019-03-26;3991.7
2019-03-27;4102.5
2019-03-28;4092.6
2019-03-29;4179
2019-03-30;4165.1
2019-03-31;4167.6
2019-04-01;4196.8
2019-04-02;4927.1
2019-04-03;4978
2019-04-04;4938.9
2019-04-05;5080.4
2019-04-06;5090.5
2019-04-07;5238.1
2019-04-08;5312.5
2019-04-09;5216.3
2019-04-10;5311.7
2019-04-11;5065.8
2019-04-12;5114
2019-04-13;5101.8
2019-04-14;5194.3
2019-04-15;5049.2
2019-04-16;5234.3
2019-04-17;5254.5
2019-04-18;5310.8
2019-04-19;5314
2019-04-20;5340
2019-04-21;5321.9
2019-04-22;5417.8
2019-04-23;5550.9
2019-04-24;5480.3
2019-04-25;5219
2019-04-26;5410.8
2019-04-27;5401.8
2019-04-28;5486.8
2019-04-29;5480.1
2019-04-30;5599.5
2019-05-01;5629.6
2019-05-02;5723.8
2019-05-03;6016
2019-05-04;6098.3
2019-05-05;6042
2019-05-06;6027.9
2019-05-07;6087.9
2019-05-08;6201
2019-05-09;6258.4
2019-05-10;6438.7
2019-05-11;7136.4
2019-05-12;6979.9
2019-05-13;7753.2
2019-05-14;7958.3
2019-05-15;8132.9
2019-05-16;7857
2019-05-17;7415.4
2019-05-18;7260
2019-05-19;8189.5
2019-05-20;7985
2019-05-21;7937
2019-05-22;7621.1
2019-05-23;7872.4
2019-05-24;7994.9
2019-05-25;8054.9
2019-05-26;8729.9
2019-05-27;8806
2019-05-28;8740.9
2019-05-29;8680.9
2019-05-30;8269.9
2019-05-31;8533.3
2019-06-01;8547
2019-06-02;8740
2019-06-03;8103.4
2019-06-04;7692.8
2019-06-05;7789.3
2019-06-06;7805.6
2019-06-07;7991.5
2019-06-08;7924.6
2019-06-09;7639.2
2019-06-10;8013.7
2019-06-11;7904.1
2019-06-12;8175.4
2019-06-13;8227.4
2019-06-14;8689.1
2019-06-15;8856
2019-06-16;8986
2019-06-17;9356
2019-06-18;9095.9
2019-06-19;9305.9
2019-06-20;9557.1
2019-06-21;10236
2019-06-22;10747.9
2019-06-23;10916
2019-06-24;11053
2019-06-25;11751
2019-06-26;12876
2019-06-27;11200
2019-06-28;12349
2019-06-29;11921
2019-06-30;10745
2019-07-01;10639
2019-07-02;10866
2019-07-03;11984
2019-07-04;11169
2019-07-05;10998
2019-07-06;11283
2019-07-07;11486
2019-07-08;12301
2019-07-09;12553
2019-07-10;12093
2019-07-11;11340
2019-07-12;11765
2019-07-13;11312
2019-07-14;10206.8
2019-07-15;10820
2019-07-16;9410
2019-07-17;9683.2
2019-07-18;10622
2019-07-19;10519
2019-07-20;10740
2019-07-21;10569.4
2019-07-22;10329
2019-07-23;9854.9
2019-07-24;9771
2019-07-25;9890.1
2019-07-26;9842.5
2019-07-27;9465.7
2019-07-28;9519
2019-07-29;9507
2019-07-30;9589
2019-07-31;10088
2019-08-01;10399
2019-08-02;10519
2019-08-03;10822
2019-08-04;10973
2019-08-05;11808
2019-08-06;11471.2
2019-08-07;11997
2019-08-08;12060
2019-08-09;11893
2019-08-10;11314
2019-08-11;11586
2019-08-12;11404
2019-08-13;10904
2019-08-14;10067
2019-08-15;10327
2019-08-16;10366
2019-08-17;10228
2019-08-18;10327
2019-08-19;10937
2019-08-20;10793
2019-08-21;10146
2019-08-22;10117
2019-08-23;10408
2019-08-24;10152
2019-08-25;10132
2019-08-26;10377
2019-08-27;10184
2019-08-28;9727.4
2019-08-29;9509
2019-08-30;9601
2019-08-31;9623.9
2019-09-01;9779.1
2019-09-02;10388
2019-09-03;10641
2019-09-04;10590
2019-09-05;10578.7
2019-09-06;10317
2019-09-07;10488
2019-09-08;10415
2019-09-09;10318
2019-09-10;10122
2019-09-11;10175
2019-09-12;10452
2019-09-13;10374
2019-09-14;10379
2019-09-15;10322
2019-09-16;10295
2019-09-17;10214.1
2019-09-18;10185
2019-09-19;10301
2019-09-20;10198
2019-09-21;10013
2019-09-22;10052
2019-09-23;9702.6
2019-09-24;8547.9
2019-09-25;8474.7
2019-09-26;8103.6
2019-09-27;8213.4
2019-09-28;8238.6
2019-09-29;8090
2019-09-30;8331.1
2019-10-01;8334.9
2019-10-02;8413.4
2019-10-03;8257.9
2019-10-04;8170
2019-10-05;8162.5
2019-10-06;7883.1
2019-10-07;8227
2019-10-08;8211.2
2019-10-09;8607.5
2019-10-10;8596
2019-10-11;8280
2019-10-12;8318.3
2019-10-13;8305.7
2019-10-14;8370
2019-10-15;8191.1
2019-10-16;8016
2019-10-17;8092.3
2019-10-18;7987.2
2019-10-19;7992.9
2019-10-20;8260.6
2019-10-21;8243.9
2019-10-22;8058.9
2019-10-23;7493.7
2019-10-24;7453
2019-10-25;8679.1
2019-10-26;9270.9
2019-10-27;9571.8
2019-10-28;9225.7
2019-10-29;9445.5
2019-10-30;9184.3
2019-10-31;9185.6
2019-11-01;9289.1
2019-11-02;9332.1
2019-11-03;9222.4
2019-11-04;9441.2
2019-11-05;9333.9
2019-11-06;9353
2019-11-07;9208
2019-11-08;8782.4
2019-11-09;8828
2019-11-10;9068.4
2019-11-11;8737.7
2019-11-12;8830
2019-11-13;8801.1
2019-11-14;8655.7
2019-11-15;8495.8
2019-11-16;8523.5
2019-11-17;8537.3
2019-11-18;8219.5
2019-11-19;8164.9
2019-11-20;8126.4
2019-11-21;7671.1
2019-11-22;7323
2019-11-23;7352.6
2019-11-24;6965.3
2019-11-25;7168
2019-11-26;7198.3
2019-11-27;7549.3
2019-11-28;7460.8
2019-11-29;7796.6
2019-11-30;7599.9
2019-12-01;7450.1
2019-12-02;7350.3
2019-12-03;7336
2019-12-04;7238.2
2019-12-05;7440
2019-12-06;7588.3
2019-12-07;7543.2
2019-12-08;7564.6
2019-12-09;7379.5
2019-12-10;7254.6
2019-12-11;7230.7
2019-12-12;7224
2019-12-13;7283.2
2019-12-14;7100.8
2019-12-15;7152.7
2019-12-16;6926.8
2019-12-17;6667.1
2019-12-18;7323.4
2019-12-19;7181.8
2019-12-20;7212.9
2019-12-21;7166.4
2019-12-22;7532
2019-12-23;7347.4
2019-12-24;7276.9
2019-12-25;7220.1
2019-12-26;7232.4
2019-12-27;7287
2019-12-28;7334.4
2019-12-29;7417.9
2019-12-30;7260.9
2019-12-31;7208.3
2020-01-01;7212.7
2020-01-02;6989.4
2020-01-03;7367.5
2020-01-04;7369.8
2020-01-05;7364.6
2020-01-06;7757.9
2020-01-07;8150
2020-01-08;8036.8
2020-01-09;7817.5
2020-01-10;8176.3
2020-01-11;8013.8
2020-01-12;8174.7
2020-01-13;8094.5
2020-01-14;8775.6
2020-01-15;8807.7
2020-01-16;8720.6
2020-01-17;8875.4
2020-01-18;8891.5
2020-01-19;8694
2020-01-20;8638.2
2020-01-21;8734.1
2020-01-22;8663.9
2020-01-23;8403.5
2020-01-24;8447.1
2020-01-25;8353.7
2020-01-26;8621.6
2020-01-27;8912
2020-01-28;9393.7
2020-01-29;9304.2
2020-01-30;9512.7
2020-01-31;9367.4
2020-02-01;9410.6
2020-02-02;9353.1
2020-02-03;9309.3
2020-02-04;9197.4
2020-02-05;9612
2020-02-06;9744.9
2020-02-07;9805.2
2020-02-08;9877.2
2020-02-09;10151
2020-02-10;9850.2
2020-02-11;10247
2020-02-12;10339
2020-02-13;10222
2020-02-14;10335
2020-02-15;9901
2020-02-16;9929.7
2020-02-17;9708
2020-02-18;10183
2020-02-19;9592.2
2020-02-20;9608.1
2020-02-21;9693.5
2020-02-22;9662.4
2020-02-23;9985
2020-02-24;9674.1
2020-02-25;9327.5
2020-02-26;8813.2
2020-02-27;8825.8
2020-02-28;8728
2020-02-29;8557.3
2020-03-01;8565.2
2020-03-02;8938.1
2020-03-03;8791.1
2020-03-04;8788.6
2020-03-05;9090.8
2020-03-06;9180.6
2020-03-07;8919
2020-03-08;8074
2020-03-09;7967.3
2020-03-10;7913.8
2020-03-11;7969.6
2020-03-12;4927
2020-03-13;5625.4
2020-03-14;5218.2
2020-03-15;5383.2
2020-03-16;5058.5
2020-03-17;5345.2
2020-03-18;5416.2
2020-03-19;6173.4
2020-03-20;6205.8
2020-03-21;6201.8
2020-03-22;5827
2020-03-23;6491.2
2020-03-24;6762
2020-03-25;6688.2
2020-03-26;6750.7
2020-03-27;6370
2020-03-28;6249.3
2020-03-29;5892.6
2020-03-30;6407.6
2020-03-31;6427.7
2020-04-01;6675
2020-04-02;6818.3
2020-04-03;6740.8
2020-04-04;6881.6
2020-04-05;6778
2020-04-06;7346
2020-04-07;7203
2020-04-08;7367
2020-04-09;7293.5
2020-04-10;6875.5
2020-04-11;6884.5
2020-04-12;6913
2020-04-13;6848.7
2020-04-14;6872.4
2020-04-15;6633.8
2020-04-16;7114.9
2020-04-17;7045.8
2020-04-18;7269.1
2020-04-19;7133.3
2020-04-20;6841.9
2020-04-21;6850
2020-04-22;7133
2020-04-23;7495.2
2020-04-24;7506.8
2020-04-25;7538.5
2020-04-26;7697.1
2020-04-27;7777.7
2020-04-28;7755.8
2020-04-29;8773.3
2020-04-30;8635.3
2020-05-01;8822.9
2020-05-02;8982.3
2020-05-03;8899.8
2020-05-04;8865.8
2020-05-05;9020.1
2020-05-06;9157.9
2020-05-07;9979.6
2020-05-08;9792.8
2020-05-09;9537.9
2020-05-10;8726
2020-05-11;8555
2020-05-12;8811.4
2020-05-13;9312
2020-05-14;9791
2020-05-15;9313.3
2020-05-16;9388
2020-05-17;9668.2
2020-05-18;9714.8
2020-05-19;9770.1
2020-05-20;9502
2020-05-21;9059.5
2020-05-22;9162.4
2020-05-23;9174.6
2020-05-24;8711.5
2020-05-25;8902
2020-05-26;8845.5
2020-05-27;9210.3
2020-05-28;9589.3
2020-05-29;9426.2
2020-05-30;9706.4
2020-05-31;9452.1
2020-06-01;10221
2020-06-02;9530
2020-06-03;9672
2020-06-04;9790.7
2020-06-05;9620.5
2020-06-06;9668.4
2020-06-07;9746.3
2020-06-08;9783.2
2020-06-09;9770.8
2020-06-10;9898.8
2020-06-11;9272.2
2020-06-12;9468.3
2020-06-13;9480.8
2020-06-14;9345.4
2020-06-15;9433.9
2020-06-16;9534.4
2020-06-17;9473.3
2020-06-18;9400
2020-06-19;9315.5
2020-06-20;9371.3
2020-06-21;9298.1
2020-06-22;9697.7
2020-06-23;9635.1
2020-06-24;9312.1
2020-06-25;9257
2020-06-26;9173.1
2020-06-27;9015.3
2020-06-28;9127.8
2020-06-29;9194.4
2020-06-30;9150.6
2020-07-01;9239.9
2020-07-02;9100
2020-07-03;9073.9
2020-07-04;9147.7
2020-07-05;9089.7
2020-07-06;9361
2020-07-07;9267.5
2020-07-08;9447
2020-07-09;9248.9
2020-07-10;9305.7
2020-07-11;9246.3
2020-07-12;9315.8
2020-07-13;9252
2020-07-14;9263.4
2020-07-15;9210.1
2020-07-16;9149.9
2020-07-17;9167.3
2020-07-18;9189.1
2020-07-19;9231.2
2020-07-20;9179.2
2020-07-21;9402
2020-07-22;9557.7
2020-07-23;9615
2020-07-24;9559.4
2020-07-25;9714.9
2020-07-26;9948.1
2020-07-27;11044
2020-07-28;10932
2020-07-29;11117
2020-07-30;11123
2020-07-31;11350
2020-08-01;11804.7
2020-08-02;11053.8
2020-08-03;11226.5
2020-08-04;11184
2020-08-05;11735.8
2020-08-06;11759
2020-08-07;11580
2020-08-08;11764
2020-08-09;11675.7
2020-08-10;11892
2020-08-11;11379.8
2020-08-12;11591
2020-08-13;11792.5
2020-08-14;11761
2020-08-15;11873.4
2020-08-16;11925
2020-08-17;12300
2020-08-18;11961.8
2020-08-19;11778
2020-08-20;11884
2020-08-21;11531
2020-08-22;11685
2020-08-23;11663
2020-08-24;11768
2020-08-25;11341
2020-08-26;11471
2020-08-27;11343
2020-08-28;11545
2020-08-29;11492
2020-08-30;11729.9
2020-08-31;11671
2020-09-01;11942
2020-09-02;11408
2020-09-03;10170
2020-09-04;10484.7
2020-09-05;10197
2020-09-06;10276
2020-09-07;10397
2020-09-08;10149.8
2020-09-09;10240
2020-09-10;10355
2020-09-11;10405
2020-09-12;10458
2020-09-13;10331
2020-09-14;10686
2020-09-15;10797
2020-09-16;10971.3
2020-09-17;10959
2020-09-18;10957.2
2020-09-19;11099
2020-09-20;10934.5
2020-09-21;10434
2020-09-22;10549
2020-09-23;10263
2020-09-24;10754
2020-09-25;10708
2020-09-26;10750
2020-09-27;10803
2020-09-28;10712
2020-09-29;10856
2020-09-30;10794
2020-10-01;10634
2020-10-02;10586
2020-10-03;10558.6
2020-10-04;10687
2020-10-05;10807
2020-10-06;10613.7
2020-10-07;10687
2020-10-08;10943
2020-10-09;11071
2020-10-10;11308
2020-10-11;11385
2020-10-12;11560
2020-10-13;11442
2020-10-14;11440
2020-10-15;11509
2020-10-16;11325
2020-10-17;11375
2020-10-18;11518
2020-10-19;11757
2020-10-20;11925
2020-10-21;12825
2020-10-22;12988
2020-10-23;12935
2020-10-24;13132
2020-10-25;13037
2020-10-26;13061
2020-10-27;13626.3
2020-10-28;13272
2020-10-29;13451
2020-10-30;13568
2020-10-31;13788
2020-11-01;13756
2020-11-02;13563
2020-11-03;14025
2020-11-04;14160
2020-11-05;15574
2020-11-06;15571.7
2020-11-07;14844.1
2020-11-08;15501
2020-11-09;15329
2020-11-10;15312
2020-11-11;15710
2020-11-12;16294
2020-11-13;16310
2020-11-14;16058.3
2020-11-15;15962.2
2020-11-16;16710
2020-11-17;17674.9
2020-11-18;17773
2020-11-19;17810
2020-11-20;18669
2020-11-21;18660
2020-11-22;18399
2020-11-23;18373
2020-11-24;19134.8
2020-11-25;18730
2020-11-26;17219
2020-11-27;17169.3
2020-11-28;17746
2020-11-29;18196
2020-11-30;19686
2020-12-01;18807
2020-12-02;19241
2020-12-03;19447
2020-12-04;18657
2020-12-05;19157
2020-12-06;19410
2020-12-07;19196
2020-12-08;18335
2020-12-09;18560
2020-12-10;18260
2020-12-11;18050
2020-12-12;18810.6
2020-12-13;19180
2020-12-14;19281
2020-12-15;19459
2020-12-16;21322
2020-12-17;22806.6
2020-12-18;23127
2020-12-19;23804
2020-12-20;23427
2020-12-21;22701
2020-12-22;23805
2020-12-23;23234
2020-12-24;23735
2020-12-25;24717
2020-12-26;26412
2020-12-27;26241
2020-12-28;27058
2020-12-29;27315
2020-12-30;28880
2020-12-31;28933
2021-01-01;29346
2021-01-02;32185
2021-01-03;32971
2021-01-04;32020
2021-01-05;33996
2021-01-06;36755
2021-01-07;39407
2021-01-08;40509
2021-01-09;40171
2021-01-10;38226
2021-01-11;35476
2021-01-12;34103
2021-01-13;37375
2021-01-14;39170
2021-01-15;36741
2021-01-16;36055
2021-01-17;35903
2021-01-18;36699
2021-01-19;35958
2021-01-20;35521.1
2021-01-21;30873
2021-01-22;33062
2021-01-23;32099
2021-01-24;32298
2021-01-25;32268.1
2021-01-26;32519
2021-01-27;30454
2021-01-28;33331
2021-01-29;34280.7
2021-01-30;34334
2021-01-31;33141
2021-02-01;33559
2021-02-02;35563
2021-02-03;37677
2021-02-04;36975
2021-02-05;38260
2021-02-06;39257
2021-02-07;38841
2021-02-08;46440
2021-02-09;46486
2021-02-10;44835
2021-02-11;47966
2021-02-12;47389
2021-02-13;47177
2021-02-14;48587
2021-02-15;47941
2021-02-16;49225
2021-02-17;52060
2021-02-18;51566
2021-02-19;55847
2021-02-20;55838
2021-02-21;57376
2021-02-22;54078
2021-02-23;48888
2021-02-24;49715
2021-02-25;47144
2021-02-26;46319
2021-02-27;46217
2021-02-28;45300
2021-03-01;49572
2021-03-02;48526
2021-03-03;50425
2021-03-04;48368
2021-03-05;48811
2021-03-06;48895
2021-03-07;51031.2
2021-03-08;52395
2021-03-09;54949.4
2021-03-10;55955.2
2021-03-11;57869
2021-03-12;57315
2021-03-13;61207
2021-03-14;59005
2021-03-15;55644
2021-03-16;56924
2021-03-17;58870
2021-03-18;57640
2021-03-19;58074
2021-03-20;58087
2021-03-21;57368
2021-03-22;54074
2021-03-23;54331
2021-03-24;52347.2
2021-03-25;51363
2021-03-26;54992.9
2021-03-27;55886
2021-03-28;55773
2021-03-29;57672.3
2021-03-30;58841
2021-03-31;58796
2021-04-01;58727.4
2021-04-02;58959
2021-04-03;57023
2021-04-04;58240
2021-04-05;59145
2021-04-06;57991
2021-04-07;55960
2021-04-08;58110
2021-04-09;58114
2021-04-10;59823.8
2021-04-11;60034.8
2021-04-12;59900
2021-04-13;63518
2021-04-14;62942.7
2021-04-15;63196
2021-04-16;61325
2021-04-17;59970
2021-04-18;56163
2021-04-19;55639
2021-04-20;56476
2021-04-21;53822
2021-04-22;51781.3
2021-04-23;51139
2021-04-24;50167
2021-04-25;49116.3
2021-04-26;54103
2021-04-27;55044
2021-04-28;54860
2021-04-29;53566
2021-04-30;57637
2021-05-01;57774
2021-05-02;56605
2021-05-03;57147
2021-05-04;53264
2021-05-05;57477
2021-05-06;56451
2021-05-07;57349
2021-05-08;58894
2021-05-09;58276
2021-05-10;55851
2021-05-11;56715
2021-05-12;49725
2021-05-13;49747
2021-05-14;49917
2021-05-15;46784.9
2021-05-16;46582.9
2021-05-17;43544
2021-05-18;42935
2021-05-19;36755
2021-05-20;40578
2021-05-21;37415
2021-05-22;37585
2021-05-23;34730.3
2021-05-24;38772.9
2021-05-25;38363
2021-05-26;39301
2021-05-27;38435
2021-05-28;35667
2021-05-29;34570
2021-05-30;35615
2021-05-31;37305
2021-06-01;36672.6
2021-06-02;37590
2021-06-03;39209
2021-06-04;36854
2021-06-05;35543
2021-06-06;35782
2021-06-07;33596
2021-06-08;33415
2021-06-09;37347
2021-06-10;36649.2
2021-06-11;37338
2021-06-12;35531
2021-06-13;39004
2021-06-14;40500
2021-06-15;40139
2021-06-16;38332
2021-06-17;38061
2021-06-18;35802
2021-06-19;35585.8
2021-06-20;35631
2021-06-21;31761
2021-06-22;32553
2021-06-23;33703
2021-06-24;34656.6
2021-06-25;31584
2021-06-26;32359
2021-06-27;34717
2021-06-28;34484
2021-06-29;35895.9
2021-06-30;35043.5
2021-07-01;33554.4
2021-07-02;33816
2021-07-03;34758
2021-07-04;35289
2021-07-05;33668
2021-07-06;34140
2021-07-07;33886
2021-07-08;32873.9
2021-07-09;33769
2021-07-10;33506
2021-07-11;34239
2021-07-12;33090
2021-07-13;32727
2021-07-14;32822.6
2021-07-15;31857
2021-07-16;31429
2021-07-17;31559
2021-07-18;31824
2021-07-19;30847
2021-07-20;29806.1
2021-07-21;32141
2021-07-22;32320
2021-07-23;33597.1
2021-07-24;33845
2021-07-25;35407
2021-07-26;37296
2021-07-27;39563
2021-07-28;40004
2021-07-29;40041
2021-07-30;42169
2021-07-31;41409
2021-08-01;39922
2021-08-02;39156
2021-08-03;38207
2021-08-04;39754
2021-08-05;40887
2021-08-06;42830
2021-08-07;44589
2021-08-08;43770
2021-08-09;46293
2021-08-10;45612
2021-08-11;45546
2021-08-12;44423
2021-08-13;47842
2021-08-14;47084
2021-08-15;47031
2021-08-16;45940
2021-08-17;44698
2021-08-18;44744
2021-08-19;46765
2021-08-20;49332
2021-08-21;48868
2021-08-22;49264
2021-08-23;49539
2021-08-24;47714
2021-08-25;48989
2021-08-26;46832
2021-08-27;49076.1
2021-08-28;48914
2021-08-29;48800
2021-08-30;47008
2021-08-31;47157
2021-09-01;48844
2021-09-02;49291
2021-09-03;50000
2021-09-04;49899
2021-09-05;51762
2021-09-06;52676
2021-09-07;46778
2021-09-08;46088
2021-09-09;46389
2021-09-10;44852
2021-09-11;45169
2021-09-12;46069
2021-09-13;44960
2021-09-14;47078
2021-09-15;48136
2021-09-16;47786
2021-09-17;47292
2021-09-18;48309
2021-09-19;47239
2021-09-20;43002
2021-09-21;40664
2021-09-22;43582.6
2021-09-23;44882
2021-09-24;42878
2021-09-25;42711
2021-09-26;43180
2021-09-27;42191
2021-09-28;41064
2021-09-29;41551
2021-09-30;43830
2021-10-01;48157
2021-10-02;47675
2021-10-03;48243
2021-10-04;49252
2021-10-05;51508
2021-10-06;55331
2021-10-07;53793
2021-10-08;53925
2021-10-09;54978
2021-10-10;54701
2021-10-11;57468
2021-10-12;55967
2021-10-13;57381
2021-10-14;57354
2021-10-15;61709
2021-10-16;60867.5
2021-10-17;61511
2021-10-18;62034
2021-10-19;64237
2021-10-20;65988
2021-10-21;64991
